id;title;description;created
1;Borders content-based;546173747920437573746f6d65722048756d616e;2019-05-19T18:08:02
2;B2B;5361696e742048656c656e6120506f756e642070726f6772616d6d696e67;2019-05-19T12:46:36
3;drive THX bypassing;4368656573652044796e616d696320486f6d65204c6f616e204163636f756e74;2019-05-20T09:06:27
4;Unbranded invoice;636c6561722d7468696e6b696e67;2019-05-20T01:59:58
5;Buckinghamshire Ports;4465766f6c76656420647269766572204e6574776f726b6564;2019-05-20T01:31:07
6;navigate;70726f6772616d20616c61726d;2019-05-20T01:56:05
7;Benin Berkshire;646564696361746564205065727365766572696e67;2019-05-19T09:58:34
8;target Human withdrawal;646f742d636f6d207061796d656e74204c696279616e2044696e6172;2019-05-19T12:35:18
9;Re-contextualized;6c6f63616c2053686f6573;2019-05-19T17:50:13
10;Chips;56696c6c6167657320756e69666f726d20504349;2019-05-19T15:22:59
