id;title;description;image;image_content_type;height;width;taken;uploaded
1;Factors;61726368697465637475726573;7265696e76656e74;image/png;85113;26847;2019-05-20T01:43:20;2019-05-19T21:40:54
2;mesh;436f6e66696775726174696f6e205549432d4672616e63;436f6e637265746520426564666f72647368697265;image/png;87737;32255;2019-05-19T15:33:00;2019-05-19T12:57:37
3;Metal array France;726564756e64616e74;426f7264657273;image/png;79829;19427;2019-05-19T17:43:45;2019-05-20T07:37:32
4;extend Unbranded Fresh Pants Tools;50726163746963616c204e6f7274682044616b6f7461;57616c6c697320616e6420467574756e61;image/png;28654;83893;2019-05-19T19:08:54;2019-05-19T12:40:43
5;Assimilated;636f6d7072657373696e67;636f6d7072657373206c6176656e64657220496e766573746d656e74204163636f756e74;image/png;8534;84202;2019-05-20T08:05:16;2019-05-20T04:39:47
6;relationships Philippine Peso;70616e656c;6d696e64736861726520476f7267656f7573;image/png;2535;18433;2019-05-19T10:13:30;2019-05-20T07:23:14
7;infomediaries Som Rustic Frozen Keyboard;456e74657270726973652d776964652042656e696e;616c61726d204a616d61696361;image/png;61172;73003;2019-05-19T23:15:29;2019-05-20T08:10:59
8;Louisiana;6861636b;4572676f6e6f6d696320537465656c20476c6f766573;image/png;85546;97951;2019-05-19T16:26:26;2019-05-20T05:07:13
9;Music connect;486f6c6c6f772053686f65732073797374656d73;696d706c656d656e74;image/png;62585;93343;2019-05-19T21:15:11;2019-05-19T21:18:12
10;Norfolk Island Chilean Peso Unidades de fomento Checking Account;696e766f696365204f7574646f6f7273204e657720596f726b;53746174696f6e;image/png;54561;82063;2019-05-19T10:44:00;2019-05-19T18:18:21
