id;image;image_content_type;height;width;taken;uploaded
1;6861707469632050726f6475636572204167656e74;image/png;55543;58514;2019-05-19T14:52:22;2019-05-19T15:54:06
2;436f6e6372657465;image/png;95405;27473;2019-05-19T18:46:49;2019-05-20T04:21:17
3;436865636b696e67204163636f756e7420676c6f62616c20537465656c;image/png;67157;49816;2019-05-19T20:50:28;2019-05-19T21:53:58
4;43616c69666f726e696120504e4720656e67616765;image/png;13401;48004;2019-05-20T08:38:15;2019-05-19T23:14:08
5;52756262657220496e647573747269616c207365616d6c657373;image/png;58991;63664;2019-05-19T23:54:52;2019-05-19T20:00:46
6;4265726b736869726520736f6c6964207374617465;image/png;39654;29795;2019-05-19T18:23:54;2019-05-19T20:45:43
7;4275636b696e6768616d736869726520427573696e6573732d666f63757365642043616e796f6e;image/png;98003;62080;2019-05-19T21:30:20;2019-05-20T00:59:26
8;4675747572652d70726f6f66656420417765736f6d65;image/png;12887;46011;2019-05-20T06:15:19;2019-05-19T19:17:39
9;6465706f73697420436869636b656e20626573742d6f662d6272656564;image/png;89678;87431;2019-05-19T21:57:12;2019-05-19T20:57:46
10;50616e7473206576656e2d6b65656c6564204368616972;image/png;8870;54871;2019-05-20T06:25:59;2019-05-19T20:30:08
